oct,1024.00,27.00,2147483648.00
oct,1024.00,89.00,2147483648.00
oct,1024.00,75.00,2147483648.00
oct,1024.00,90.00,2147483648.00
oct,1024.00,67.00,2147483648.00
oct,1024.00,35.00,2147483648.00
oct,1024.00,54.00,2147483648.00
oct,1024.00,26.00,2147483648.00
oct,1024.00,58.00,2147483648.00
oct,1024.00,58.00,2147483648.00
oct,1024.00,85.00,2147483648.00
oct,1024.00,62.00,2147483648.00
oct,1024.00,29.00,2147483648.00
oct,1024.00,33.00,2147483648.00
oct,1024.00,31.00,2147483648.00
oct,1024.00,54.00,2147483648.00
oct,1024.00,71.00,2147483648.00
oct,1024.00,91.00,2147483648.00
oct,1024.00,5.00,2147483648.00
oct,1024.00,16.00,2147483648.00
oct,1024.00,33.00,2147483648.00
oct,1024.00,14.00,2147483648.00
oct,1024.00,24.00,2147483648.00
oct,1024.00,29.00,2147483648.00
oct,1024.00,13.00,2147483648.00
oct,1024.00,24.00,2147483648.00
oct,1024.00,28.00,2147483648.00
oct,1024.00,32.00,2147483648.00
oct,1024.00,4.00,2147483648.00
oct,1024.00,2.00,2147483648.00
oct,1024.00,5.00,2147483648.00
oct,1024.00,4.00,2147483648.00
oct,1024.00,10.00,2147483648.00
oct,1024.00,5.00,2147483648.00
oct,1024.00,0.00,2147483648.00
oct,1024.00,4.00,2147483648.00
oct,1024.00,1.00,2147483648.00
oct,1024.00,2.00,2147483648.00
oct,1024.00,7.00,2147483648.00
oct,1024.00,5.00,2147483648.00
oct,1024.00,12.00,2147483648.00
oct,1024.00,31.00,2147483648.00
oct,1024.00,32.00,2147483648.00
oct,1024.00,31.00,2147483648.00
oct,1024.00,26.00,2147483648.00
oct,1024.00,31.00,2147483648.00
oct,1024.00,32.00,2147483648.00
oct,1024.00,31.00,2147483648.00
oct,1024.00,32.00,2147483648.00
oct,1024.00,31.00,2147483648.00
oct,1024.00,31.00,2147483648.00
oct,1024.00,31.00,2147483648.00
oct,1024.00,27.00,2147483648.00
oct,1024.00,28.00,2147483648.00
oct,1024.00,29.00,2147483648.00
oct,1024.00,32.00,2147483648.00
oct,1024.00,29.00,2147483648.00
oct,1024.00,32.00,2147483648.00
oct,1024.00,31.00,2147483648.00
oct,1024.00,31.00,2147483648.00
oct,1024.00,31.00,2147483648.00
oct,1024.00,31.00,2147483648.00
oct,1024.00,31.00,2147483648.00
oct,1024.00,29.00,2147483648.00
oct,1024.00,31.00,2147483648.00
oct,1024.00,31.00,2147483648.00
oct,1024.00,29.00,2147483648.00
oct,1024.00,30.00,2147483648.00
oct,1024.00,30.00,2147483648.00
oct,1024.00,30.00,2147483648.00
oct,1024.00,32.00,2147483648.00
oct,1024.00,32.00,2147483648.00
oct,1024.00,31.00,2147483648.00
oct,1024.00,31.00,2147483648.00
oct,1024.00,31.00,2147483648.00
oct,1024.00,31.00,2147483648.00
oct,1024.00,31.00,2147483648.00
oct,1024.00,31.00,2147483648.00
oct,1024.00,32.00,2147483648.00
oct,1024.00,29.00,2147483648.00
oct,1024.00,31.00,2147483648.00
oct,1024.00,26.00,2147483648.00
oct,1024.00,39.00,58.00
oct,1024.00,43.00,58.00
oct,1024.00,35.00,58.00
oct,1024.00,40.00,58.00
oct,1024.00,36.00,58.00
oct,1024.00,35.00,58.00
oct,1024.00,32.00,58.00
oct,1024.00,37.00,58.00
oct,1024.00,38.00,58.00
oct,1024.00,40.00,58.00
oct,1024.00,46.00,58.00
oct,1024.00,39.00,58.00
oct,1024.00,44.00,58.00
oct,1024.00,36.00,58.00
oct,1024.00,45.00,58.00
oct,1024.00,34.00,58.00
oct,1024.00,36.00,58.00
oct,1024.00,36.00,58.00
oct,1024.00,36.00,58.00
oct,1024.00,36.00,58.00
oct,1024.00,38.00,58.00
oct,1024.00,54.00,58.00
oct,1024.00,53.00,58.00
oct,1024.00,34.00,60.00
oct,1024.00,29.00,60.00
oct,1024.00,30.00,60.00
oct,1024.00,32.00,60.00
oct,1024.00,30.00,60.00
oct,1024.00,30.00,60.00
oct,1024.00,30.00,60.00
oct,1024.00,28.00,60.00
oct,1024.00,30.00,60.00
oct,1024.00,31.00,60.00
oct,1024.00,27.00,60.00
oct,1024.00,31.00,60.00
oct,1024.00,30.00,60.00
oct,1024.00,25.00,60.00
oct,1024.00,31.00,60.00
oct,1024.00,26.00,61.00
oct,1024.00,32.00,61.00
oct,1024.00,27.00,61.00
oct,1024.00,28.00,61.00
oct,1024.00,27.00,61.00
oct,1024.00,31.00,61.00
oct,1024.00,31.00,61.00
oct,1024.00,31.00,61.00
oct,1024.00,31.00,61.00
oct,1024.00,24.00,60.00
oct,1024.00,31.00,60.00
oct,1024.00,30.00,60.00
oct,1024.00,27.00,60.00
oct,1024.00,30.00,60.00
oct,1024.00,31.00,60.00
oct,1024.00,32.00,60.00
oct,1024.00,31.00,60.00
oct,1024.00,31.00,60.00
oct,1024.00,31.00,60.00
oct,1024.00,32.00,60.00
oct,1024.00,31.00,60.00
oct,1024.00,27.00,60.00
oct,1024.00,31.00,60.00
oct,1024.00,30.00,60.00
oct,1024.00,29.00,60.00
oct,1024.00,29.00,60.00
oct,1024.00,29.00,60.00
oct,1024.00,25.00,60.00
oct,1024.00,29.00,60.00
oct,1024.00,29.00,60.00
oct,1024.00,28.00,60.00
oct,1024.00,27.00,60.00
oct,1024.00,29.00,60.00
oct,1024.00,26.00,60.00
oct,1024.00,29.00,60.00
oct,1024.00,30.00,60.00
oct,1024.00,29.00,60.00
oct,1024.00,29.00,60.00
oct,1024.00,29.00,60.00
oct,1024.00,30.00,60.00
oct,1024.00,31.00,60.00
oct,1024.00,29.00,60.00
oct,1024.00,24.00,60.00
oct,1024.00,29.00,60.00
oct,1024.00,32.00,61.00
oct,1024.00,30.00,61.00
oct,1024.00,30.00,61.00
oct,1024.00,30.00,61.00
oct,1024.00,31.00,61.00
oct,1024.00,30.00,61.00
oct,1024.00,29.00,61.00
oct,1024.00,25.00,61.00
oct,1024.00,85.00,61.00
oct,1024.00,72.00,61.00
oct,1024.00,70.00,61.00
oct,1024.00,51.00,61.00
oct,1024.00,30.00,61.00
oct,1024.00,72.00,61.00
oct,1024.00,85.00,61.00
oct,1024.00,47.00,61.00
oct,1024.00,60.00,61.00
oct,1024.00,83.00,61.00
oct,1024.00,34.00,61.00
oct,1024.00,72.00,61.00
oct,1024.00,76.00,61.00
oct,1024.00,91.00,61.00
oct,1024.00,87.00,61.00
oct,1024.00,85.00,61.00
oct,1024.00,40.00,61.00
oct,1024.00,31.00,61.00
oct,1024.00,39.00,61.00
oct,1024.00,42.00,61.00
oct,1024.00,53.00,61.00
oct,1024.00,52.00,61.00
oct,1024.00,87.00,61.00
oct,1024.00,67.00,61.00
oct,1024.00,58.00,61.00
oct,1024.00,32.00,61.00
oct,1024.00,39.00,61.00
oct,1024.00,54.00,61.00
oct,1024.00,69.00,61.00
oct,1024.00,58.00,61.00
oct,1024.00,90.00,61.00
oct,1024.00,85.00,61.00
oct,1024.00,63.00,61.00
oct,1024.00,78.00,61.00
oct,1024.00,29.00,60.00
oct,1024.00,30.00,60.00
oct,1024.00,29.00,60.00
oct,1024.00,29.00,60.00
oct,1024.00,25.00,60.00
oct,1024.00,29.00,60.00
oct,1024.00,24.00,60.00
oct,1024.00,29.00,60.00
oct,1024.00,29.00,60.00
oct,1024.00,26.00,60.00
oct,1024.00,29.00,60.00
oct,1024.00,28.00,60.00
oct,1024.00,30.00,60.00
oct,1024.00,29.00,60.00
oct,1024.00,29.00,60.00
oct,1024.00,29.00,60.00
oct,1024.00,28.00,95.00
oct,1024.00,28.00,95.00
oct,1024.00,24.00,95.00
oct,1024.00,29.00,95.00
oct,1024.00,29.00,95.00
oct,1024.00,29.00,95.00
oct,1024.00,25.00,95.00
oct,1024.00,7.00,95.00
oct,1024.00,28.00,95.00
oct,1024.00,30.00,95.00
oct,1024.00,27.00,95.00
oct,1024.00,30.00,95.00
oct,1024.00,31.00,95.00
oct,1024.00,31.00,95.00
oct,1024.00,31.00,95.00
oct,1024.00,31.00,95.00
oct,1024.00,32.00,95.00
oct,1024.00,31.00,95.00
oct,1024.00,28.00,95.00
oct,1024.00,31.00,95.00
oct,1024.00,31.00,95.00
oct,1024.00,31.00,95.00
oct,1024.00,31.00,95.00
oct,1024.00,31.00,95.00
oct,1024.00,29.00,95.00
oct,1024.00,32.00,95.00
oct,1024.00,31.00,62.00
oct,1024.00,31.00,62.00
oct,1024.00,32.00,62.00
oct,1024.00,31.00,62.00
oct,1024.00,31.00,62.00
oct,1024.00,26.00,62.00
oct,1024.00,32.00,62.00
oct,1024.00,32.00,62.00
oct,1024.00,32.00,62.00
oct,1024.00,31.00,62.00
oct,1024.00,34.00,61.00
oct,1024.00,32.00,61.00
oct,1024.00,27.00,61.00
oct,1024.00,33.00,61.00
oct,472.00,27.00,62.00
oct,456.00,34.00,62.00
oct,474.00,35.00,62.00
oct,457.00,31.00,62.00
oct,462.00,35.00,62.00
oct,472.00,33.00,62.00
oct,480.00,29.00,62.00
oct,463.00,35.00,61.00
oct,480.00,35.00,61.00
oct,496.00,35.00,61.00
oct,481.00,35.00,61.00
oct,497.00,34.00,61.00
oct,498.00,35.00,61.00
oct,499.00,35.00,61.00
oct,483.00,33.00,61.00
oct,500.00,35.00,61.00
oct,499.00,33.00,61.00
oct,500.00,33.00,61.00
oct,500.00,35.00,61.00
oct,501.00,33.00,61.00
oct,501.00,34.00,61.00
oct,486.00,29.00,61.00
oct,502.00,35.00,61.00
oct,504.00,34.00,61.00
oct,504.00,30.00,61.00
oct,494.00,34.00,61.00
oct,1024.00,30.00,62.00
oct,1024.00,32.00,62.00
oct,1024.00,26.00,62.00
oct,1024.00,31.00,62.00
oct,1024.00,29.00,62.00
oct,1024.00,32.00,62.00
oct,1024.00,26.00,62.00
oct,1024.00,31.00,62.00
oct,1024.00,27.00,62.00
oct,1024.00,31.00,62.00
oct,1024.00,31.00,62.00
oct,1024.00,31.00,62.00
oct,1024.00,26.00,62.00
oct,1024.00,27.00,62.00
oct,1024.00,31.00,62.00
oct,1024.00,32.00,62.00
oct,1024.00,31.00,62.00
oct,1024.00,31.00,62.00
oct,918.00,28.00,62.00
oct,629.00,34.00,62.00
oct,184.00,28.00,62.00
oct,124.00,33.00,62.00
oct,100.00,33.00,62.00
oct,115.00,33.00,62.00
oct,380.00,28.00,62.00
oct,346.00,31.00,62.00
oct,217.00,33.00,62.00
oct,202.00,33.00,62.00
oct,199.00,34.00,62.00
oct,200.00,33.00,62.00
oct,84.00,33.00,62.00
oct,102.00,29.00,62.00
oct,100.00,33.00,62.00
oct,100.00,33.00,62.00
oct,100.00,29.00,62.00
oct,97.00,31.00,62.00
oct,98.00,28.00,62.00
oct,102.00,33.00,62.00
oct,102.00,33.00,62.00
oct,101.00,33.00,62.00
oct,102.00,29.00,62.00
oct,101.00,33.00,62.00
oct,102.00,32.00,62.00
oct,101.00,33.00,62.00
oct,85.00,33.00,62.00
oct,100.00,34.00,62.00
oct,87.00,29.00,62.00
oct,86.00,27.00,62.00
oct,100.00,31.00,62.00
oct,103.00,33.00,62.00
oct,102.00,33.00,62.00
oct,101.00,33.00,62.00
oct,89.00,33.00,62.00
oct,102.00,33.00,62.00
oct,101.00,33.00,62.00
oct,85.00,28.00,62.00
oct,101.00,33.00,62.00
oct,102.00,29.00,62.00
oct,84.00,33.00,62.00
oct,101.00,33.00,62.00
oct,103.00,33.00,62.00
oct,99.00,33.00,62.00
oct,104.00,32.00,62.00
oct,102.00,31.00,62.00
oct,102.00,28.00,62.00
oct,102.00,29.00,62.00
oct,101.00,28.00,62.00
oct,102.00,33.00,62.00
oct,103.00,33.00,62.00
oct,90.00,28.00,62.00
oct,89.00,33.00,62.00
oct,101.00,33.00,62.00
oct,87.00,33.00,62.00
oct,101.00,29.00,62.00
oct,88.00,33.00,62.00
oct,101.00,32.00,62.00
oct,102.00,33.00,62.00
oct,90.00,33.00,62.00
oct,98.00,33.00,62.00
oct,85.00,33.00,62.00
oct,102.00,31.00,62.00
oct,102.00,28.00,62.00
oct,98.00,29.00,62.00
oct,88.00,33.00,62.00
oct,102.00,28.00,62.00
oct,88.00,33.00,62.00
oct,100.00,33.00,62.00
oct,100.00,31.00,62.00
oct,99.00,32.00,62.00
oct,101.00,28.00,62.00
oct,101.00,33.00,62.00
oct,100.00,33.00,62.00
oct,100.00,32.00,62.00
oct,86.00,32.00,62.00
oct,101.00,33.00,62.00
oct,101.00,32.00,62.00
oct,102.00,32.00,62.00
oct,101.00,33.00,62.00
oct,84.00,33.00,62.00
oct,97.00,33.00,62.00
oct,103.00,32.00,62.00
oct,88.00,29.00,62.00
oct,100.00,33.00,62.00
oct,439.00,34.00,62.00
oct,465.00,34.00,65.00
oct,472.00,34.00,65.00
oct,475.00,34.00,65.00
oct,475.00,32.00,65.00
oct,476.00,32.00,65.00
oct,468.00,34.00,65.00
oct,463.00,30.00,65.00
oct,473.00,32.00,65.00
oct,470.00,34.00,65.00
oct,480.00,33.00,65.00
oct,484.00,34.00,65.00
oct,484.00,34.00,65.00
oct,486.00,34.00,65.00
oct,300.00,18.00,64.00
oct,302.00,32.00,64.00
oct,296.00,29.00,64.00
oct,319.00,29.00,64.00
oct,318.00,29.00,64.00
oct,318.00,33.00,64.00
oct,306.00,33.00,64.00
oct,325.00,34.00,64.00
oct,316.00,33.00,64.00
oct,321.00,33.00,64.00
oct,319.00,33.00,64.00
oct,318.00,33.00,64.00
oct,312.00,32.00,64.00
oct,320.00,33.00,64.00
oct,387.00,33.00,64.00
oct,391.00,33.00,64.00
oct,399.00,34.00,64.00
oct,413.00,33.00,64.00
oct,416.00,32.00,64.00
oct,406.00,33.00,64.00
oct,411.00,33.00,64.00
oct,425.00,28.00,64.00
oct,427.00,34.00,64.00
oct,433.00,33.00,64.00
oct,435.00,34.00,64.00
oct,439.00,34.00,64.00
oct,442.00,34.00,64.00
oct,1024.00,32.00,64.00
oct,1024.00,27.00,64.00
oct,1024.00,32.00,64.00
oct,1024.00,32.00,64.00
oct,1024.00,32.00,64.00
oct,837.00,34.00,64.00
oct,751.00,34.00,64.00
oct,654.00,34.00,64.00
oct,596.00,32.00,63.00
oct,440.00,32.00,63.00
oct,349.00,34.00,63.00
oct,309.00,33.00,63.00
oct,302.00,34.00,63.00
oct,308.00,33.00,63.00
oct,316.00,29.00,63.00
oct,338.00,33.00,63.00
oct,343.00,33.00,63.00
oct,343.00,33.00,63.00
oct,350.00,28.00,63.00
oct,358.00,28.00,63.00
oct,357.00,33.00,63.00
oct,367.00,28.00,63.00
oct,374.00,32.00,63.00
oct,362.00,33.00,63.00
oct,370.00,33.00,63.00
oct,1024.00,29.00,63.00
oct,698.00,30.00,63.00
oct,1024.00,32.00,63.00
oct,704.00,29.00,63.00
oct,686.00,33.00,63.00
oct,1024.00,33.00,63.00
oct,727.00,29.00,63.00
oct,708.00,32.00,63.00
oct,1024.00,33.00,63.00
oct,710.00,30.00,63.00
oct,726.00,33.00,63.00
oct,682.00,32.00,63.00
oct,457.00,26.00,63.00
oct,706.00,33.00,63.00
oct,1024.00,33.00,63.00
oct,1024.00,29.00,63.00
oct,712.00,25.00,63.00
oct,1024.00,32.00,63.00
oct,1024.00,31.00,63.00
oct,1024.00,30.00,63.00
oct,708.00,29.00,63.00
oct,730.00,33.00,63.00
oct,702.00,23.00,63.00
oct,736.00,33.00,63.00
oct,744.00,32.00,63.00
oct,1024.00,29.00,63.00
oct,1024.00,30.00,63.00
oct,1024.00,30.00,63.00
oct,709.00,30.00,63.00
oct,712.00,28.00,63.00
oct,1024.00,28.00,63.00
oct,741.00,26.00,62.00
oct,733.00,32.00,63.00
oct,713.00,34.00,63.00
oct,761.00,29.00,63.00
oct,741.00,29.00,63.00
oct,732.00,29.00,63.00
oct,754.00,29.00,63.00
oct,1024.00,28.00,63.00
oct,1024.00,29.00,63.00
oct,1024.00,29.00,63.00
oct,1024.00,29.00,63.00
oct,716.00,30.00,63.00
oct,713.00,28.00,63.00
oct,1024.00,29.00,63.00
oct,738.00,29.00,63.00
oct,1024.00,29.00,63.00
oct,692.00,24.00,63.00
oct,1024.00,31.00,63.00
oct,1024.00,29.00,63.00
oct,1024.00,31.00,63.00
oct,710.00,31.00,62.00
oct,1024.00,25.00,62.00
oct,738.00,30.00,62.00
oct,1024.00,29.00,62.00
oct,740.00,29.00,62.00
oct,720.00,29.00,62.00
oct,1024.00,23.00,62.00
oct,1024.00,22.00,62.00
oct,1024.00,25.00,62.00
oct,1024.00,28.00,62.00
oct,1024.00,25.00,62.00
oct,1024.00,27.00,62.00
oct,1024.00,30.00,62.00
oct,1024.00,25.00,62.00
oct,1024.00,30.00,62.00
oct,1024.00,30.00,62.00
oct,1024.00,29.00,62.00
oct,1024.00,25.00,62.00
oct,1024.00,29.00,62.00
oct,1024.00,31.00,62.00
oct,1024.00,29.00,62.00
oct,1024.00,26.00,62.00
oct,1024.00,29.00,62.00
oct,1024.00,25.00,62.00
oct,1024.00,30.00,62.00
oct,1024.00,30.00,62.00
oct,1024.00,25.00,63.00
oct,1024.00,28.00,65.00
oct,1024.00,24.00,65.00
oct,1024.00,23.00,65.00
oct,1024.00,29.00,65.00
oct,1024.00,28.00,65.00
oct,1024.00,25.00,65.00
oct,1024.00,29.00,65.00
oct,1024.00,24.00,65.00
oct,1024.00,31.00,65.00
oct,1024.00,29.00,65.00
oct,1024.00,30.00,65.00
oct,1024.00,30.00,65.00
oct,1024.00,29.00,65.00
oct,1024.00,31.00,65.00
oct,1024.00,30.00,65.00
oct,1024.00,30.00,65.00
oct,1024.00,29.00,65.00
oct,1024.00,30.00,65.00
oct,1024.00,30.00,65.00
oct,1024.00,27.00,65.00
oct,1024.00,29.00,65.00
oct,1024.00,30.00,65.00
oct,1024.00,30.00,65.00
oct,1024.00,30.00,65.00
oct,1024.00,30.00,65.00
oct,1024.00,26.00,65.00
oct,1024.00,27.00,65.00
oct,1024.00,34.00,65.00
oct,1024.00,29.00,65.00
oct,1024.00,28.00,65.00
oct,1024.00,29.00,65.00
oct,1024.00,29.00,65.00
oct,1024.00,27.00,65.00
oct,1024.00,24.00,65.00
oct,1024.00,27.00,66.00
oct,1024.00,29.00,66.00
oct,1024.00,29.00,66.00
oct,1024.00,29.00,66.00
oct,1024.00,25.00,66.00
oct,1024.00,29.00,66.00
oct,1024.00,27.00,66.00
oct,1024.00,25.00,66.00
oct,1024.00,30.00,66.00
oct,1024.00,32.00,66.00
oct,1024.00,30.00,66.00
oct,1024.00,30.00,66.00
oct,1024.00,30.00,66.00
oct,1024.00,31.00,66.00
oct,1024.00,30.00,66.00
oct,1024.00,27.00,66.00
oct,1024.00,30.00,66.00
oct,1024.00,30.00,66.00
oct,1024.00,31.00,66.00
oct,1024.00,30.00,66.00
oct,1024.00,30.00,66.00
oct,1024.00,29.00,66.00
oct,1024.00,30.00,66.00
oct,1024.00,32.00,66.00
oct,1024.00,27.00,66.00
oct,1024.00,31.00,66.00
oct,1024.00,27.00,66.00
oct,1024.00,29.00,66.00
oct,1024.00,30.00,66.00
oct,1024.00,24.00,66.00
oct,1024.00,30.00,66.00
oct,1024.00,25.00,66.00
oct,1024.00,31.00,66.00
oct,1024.00,26.00,66.00
oct,1024.00,30.00,66.00
oct,1024.00,31.00,66.00
oct,1024.00,30.00,66.00
oct,1024.00,29.00,66.00
oct,1024.00,28.00,66.00
oct,1024.00,25.00,66.00
oct,1024.00,30.00,66.00
oct,1024.00,32.00,66.00
oct,1024.00,30.00,66.00
oct,1024.00,30.00,66.00
oct,1024.00,30.00,66.00
oct,1024.00,30.00,66.00
oct,1024.00,29.00,66.00
oct,1024.00,29.00,66.00
oct,1024.00,30.00,66.00
oct,1024.00,30.00,66.00
oct,1024.00,29.00,64.00
oct,1024.00,26.00,64.00
oct,1024.00,29.00,64.00
oct,1024.00,30.00,64.00
oct,1024.00,30.00,64.00
oct,1024.00,26.00,64.00
oct,1024.00,29.00,64.00
oct,1024.00,30.00,64.00
oct,1024.00,27.00,64.00
oct,1024.00,31.00,64.00
oct,1024.00,25.00,64.00
oct,1024.00,29.00,64.00
oct,1024.00,30.00,64.00
oct,1024.00,30.00,64.00
oct,1024.00,26.00,64.00
oct,1024.00,30.00,64.00
oct,1024.00,29.00,64.00
oct,1024.00,29.00,64.00
oct,1024.00,30.00,64.00
oct,1024.00,23.00,64.00
oct,1024.00,30.00,64.00
oct,1024.00,31.00,64.00
oct,1024.00,29.00,64.00
oct,1024.00,25.00,64.00
oct,1024.00,29.00,64.00
oct,1024.00,24.00,64.00
oct,1024.00,25.00,64.00
oct,1024.00,30.00,64.00
oct,1024.00,29.00,64.00
oct,1024.00,30.00,64.00
oct,1024.00,29.00,64.00
oct,1024.00,26.00,64.00
oct,1024.00,25.00,64.00
oct,1024.00,29.00,64.00
oct,1024.00,25.00,64.00
oct,1024.00,30.00,64.00
oct,1024.00,29.00,64.00
oct,1024.00,25.00,64.00
oct,1024.00,29.00,64.00
oct,1024.00,25.00,61.00
oct,1024.00,27.00,61.00
oct,1024.00,28.00,61.00
oct,1024.00,30.00,61.00
oct,1024.00,30.00,61.00
oct,1024.00,25.00,61.00
oct,1024.00,29.00,61.00
oct,1024.00,24.00,61.00
oct,1024.00,25.00,61.00
oct,1024.00,28.00,61.00
oct,1024.00,25.00,61.00
oct,1024.00,31.00,61.00
oct,1024.00,26.00,61.00
oct,1024.00,25.00,61.00
oct,1024.00,29.00,61.00
oct,1024.00,30.00,61.00
oct,1024.00,30.00,61.00
oct,1024.00,30.00,61.00
oct,1024.00,29.00,61.00
oct,1024.00,26.00,61.00
oct,1024.00,28.00,61.00
oct,1024.00,31.00,61.00
oct,1024.00,29.00,61.00
oct,1024.00,29.00,61.00
oct,1024.00,28.00,61.00
oct,1024.00,26.00,61.00
oct,1024.00,28.00,61.00
oct,1024.00,26.00,61.00
oct,1024.00,26.00,61.00
oct,1024.00,26.00,61.00
oct,1024.00,30.00,61.00
oct,1024.00,29.00,61.00
oct,1024.00,30.00,61.00
oct,1024.00,29.00,61.00
oct,1024.00,29.00,61.00
oct,1024.00,29.00,61.00
oct,1024.00,30.00,61.00
oct,1024.00,29.00,61.00
oct,1024.00,29.00,61.00
oct,1024.00,29.00,61.00
oct,1024.00,30.00,61.00
oct,1024.00,26.00,61.00
oct,1024.00,28.00,60.00
oct,1024.00,29.00,60.00
oct,1024.00,31.00,60.00
oct,1024.00,24.00,60.00
oct,1024.00,30.00,60.00
oct,1024.00,29.00,60.00
oct,1024.00,29.00,60.00
oct,1024.00,29.00,60.00
oct,1024.00,24.00,60.00
oct,1024.00,25.00,60.00
oct,1024.00,29.00,60.00
oct,1024.00,29.00,60.00
oct,1024.00,29.00,60.00
oct,1024.00,29.00,60.00
oct,1024.00,25.00,60.00
oct,1024.00,30.00,60.00
oct,1024.00,29.00,60.00
oct,1024.00,30.00,60.00
oct,1024.00,28.00,60.00
oct,1024.00,26.00,60.00
oct,1024.00,28.00,60.00
oct,1024.00,29.00,60.00
oct,1024.00,29.00,60.00
oct,1024.00,25.00,60.00
oct,1024.00,29.00,60.00
oct,1024.00,29.00,60.00
oct,1024.00,30.00,60.00
oct,1024.00,30.00,60.00
oct,1024.00,30.00,60.00
oct,1024.00,29.00,60.00
oct,1024.00,26.00,60.00
oct,1024.00,30.00,60.00
oct,1024.00,26.00,60.00
oct,1024.00,33.00,61.00
oct,1024.00,29.00,61.00
oct,1024.00,29.00,60.00
oct,1024.00,30.00,60.00
oct,1024.00,29.00,60.00
oct,1024.00,29.00,60.00
oct,1024.00,25.00,60.00
oct,1024.00,29.00,60.00
oct,1024.00,29.00,60.00
oct,1024.00,29.00,60.00
oct,1024.00,29.00,60.00
oct,1024.00,33.00,60.00
oct,16.00,4.00,92.00
oct,864.00,27.00,92.00
oct,1024.00,28.00,95.00
oct,1024.00,27.00,95.00
oct,1024.00,23.00,95.00
oct,1024.00,19.00,95.00
oct,1024.00,24.00,95.00
oct,1024.00,23.00,95.00
oct,1024.00,25.00,95.00
oct,1024.00,28.00,95.00
oct,1024.00,28.00,95.00
oct,1024.00,23.00,95.00
oct,1024.00,27.00,95.00
oct,1024.00,27.00,95.00
oct,1024.00,29.00,95.00
oct,1024.00,29.00,95.00
oct,1024.00,21.00,95.00
oct,1024.00,27.00,95.00
oct,1024.00,28.00,95.00
oct,1024.00,23.00,95.00
oct,1024.00,28.00,95.00
oct,1024.00,26.00,88.00
oct,1024.00,24.00,88.00
oct,1024.00,24.00,65.00
oct,1024.00,28.00,65.00
oct,1024.00,29.00,65.00
oct,1024.00,29.00,65.00
oct,1024.00,25.00,65.00
oct,1024.00,29.00,65.00
oct,1024.00,29.00,65.00
oct,1024.00,29.00,65.00
oct,1024.00,29.00,66.00
oct,1024.00,28.00,66.00
oct,1024.00,29.00,67.00
oct,1024.00,30.00,67.00
oct,1024.00,30.00,95.00
oct,1024.00,28.00,95.00
oct,1024.00,30.00,95.00
oct,1024.00,27.00,95.00
oct,1024.00,31.00,95.00
oct,1024.00,27.00,95.00
oct,1024.00,31.00,95.00
oct,1024.00,30.00,95.00
oct,1024.00,31.00,95.00
oct,1024.00,31.00,95.00
oct,1024.00,31.00,95.00
oct,1024.00,31.00,95.00
oct,1024.00,25.00,95.00
oct,1024.00,31.00,95.00
oct,1024.00,30.00,95.00
oct,1024.00,25.00,95.00
oct,1024.00,31.00,95.00
oct,1024.00,31.00,95.00
oct,1024.00,31.00,95.00
oct,1024.00,31.00,95.00
oct,1024.00,31.00,95.00
oct,1024.00,30.00,66.00
oct,1024.00,25.00,66.00
oct,1024.00,29.00,66.00
oct,1024.00,31.00,66.00
oct,1024.00,29.00,66.00
oct,1024.00,31.00,66.00
oct,1024.00,30.00,66.00
oct,1024.00,29.00,66.00
oct,1024.00,31.00,66.00
oct,1024.00,31.00,66.00
oct,1024.00,31.00,66.00
oct,1024.00,31.00,66.00
oct,1024.00,27.00,66.00
oct,1024.00,25.00,66.00
oct,724.00,31.00,66.00
oct,1024.00,30.00,66.00
oct,1024.00,29.00,66.00
oct,1024.00,29.00,66.00
oct,1024.00,29.00,66.00
oct,1024.00,29.00,66.00
oct,1024.00,29.00,66.00
oct,1024.00,29.00,66.00
oct,1024.00,28.00,66.00
oct,1024.00,23.00,87.00
oct,1024.00,26.00,87.00
oct,1024.00,29.00,87.00
oct,1024.00,29.00,87.00
oct,1024.00,29.00,87.00
oct,1024.00,30.00,87.00
oct,1024.00,29.00,87.00
oct,1024.00,31.00,87.00
oct,1024.00,30.00,87.00
oct,1024.00,30.00,87.00
oct,1024.00,26.00,87.00
oct,1024.00,25.00,87.00
oct,1024.00,30.00,87.00
oct,1024.00,33.00,89.00
oct,1024.00,24.00,89.00
oct,1024.00,26.00,89.00
oct,1024.00,30.00,89.00
oct,1024.00,29.00,89.00
oct,1024.00,31.00,89.00
oct,1024.00,30.00,89.00
oct,1024.00,27.00,89.00
oct,1024.00,30.00,89.00
oct,1024.00,31.00,89.00
oct,1024.00,30.00,89.00
oct,1024.00,25.00,89.00
oct,1024.00,30.00,89.00
oct,1024.00,29.00,89.00
oct,1024.00,25.00,89.00
oct,1024.00,25.00,89.00
oct,1024.00,32.00,89.00
oct,1024.00,31.00,89.00
oct,1024.00,30.00,66.00
oct,1024.00,30.00,66.00
oct,1024.00,30.00,66.00
oct,1024.00,29.00,66.00
oct,1024.00,31.00,66.00
oct,1024.00,25.00,66.00
oct,1024.00,29.00,66.00
oct,1024.00,26.00,66.00
oct,1024.00,30.00,66.00
oct,1024.00,27.00,66.00
oct,1024.00,32.00,66.00
oct,1024.00,27.00,66.00
oct,1024.00,30.00,66.00
oct,1024.00,31.00,66.00
oct,1024.00,30.00,66.00
oct,1024.00,29.00,67.00
oct,1024.00,25.00,67.00
oct,1024.00,27.00,67.00
oct,1024.00,29.00,67.00
oct,1024.00,27.00,67.00
oct,1024.00,26.00,67.00
oct,1024.00,31.00,67.00
oct,1024.00,26.00,67.00
oct,1024.00,30.00,67.00
oct,1024.00,30.00,67.00
oct,1024.00,29.00,67.00
oct,1024.00,31.00,67.00
oct,1024.00,31.00,67.00
oct,1024.00,31.00,67.00
oct,1024.00,31.00,67.00
oct,1024.00,31.00,67.00
oct,1024.00,25.00,67.00
oct,1024.00,31.00,67.00
oct,1024.00,31.00,67.00
oct,1024.00,31.00,67.00
oct,1024.00,31.00,67.00
oct,1024.00,31.00,67.00
oct,1024.00,31.00,67.00
oct,1024.00,31.00,67.00
oct,1024.00,29.00,67.00
oct,1024.00,30.00,67.00
oct,1024.00,29.00,67.00
oct,1024.00,27.00,67.00
oct,1024.00,29.00,67.00
oct,1024.00,29.00,67.00
oct,1024.00,28.00,67.00
oct,1024.00,24.00,67.00
oct,1024.00,29.00,69.00
oct,1024.00,29.00,69.00
oct,1024.00,29.00,69.00
oct,1024.00,29.00,69.00
oct,1024.00,27.00,69.00
oct,1024.00,28.00,69.00
oct,1024.00,31.00,69.00
oct,1024.00,29.00,69.00
oct,1024.00,24.00,69.00
oct,1024.00,33.00,69.00
oct,1024.00,32.00,69.00
oct,1024.00,32.00,69.00
oct,1024.00,32.00,69.00
oct,1024.00,29.00,69.00
oct,1024.00,33.00,69.00
oct,1024.00,33.00,69.00
oct,1024.00,29.00,69.00
oct,1024.00,32.00,69.00
oct,1024.00,30.00,69.00
oct,1024.00,32.00,69.00
oct,1024.00,33.00,95.00
oct,877.00,35.00,95.00
oct,424.00,35.00,95.00
oct,801.00,34.00,95.00
oct,770.00,34.00,95.00
oct,811.00,28.00,95.00
oct,716.00,35.00,95.00
oct,838.00,35.00,95.00
oct,776.00,34.00,95.00
oct,709.00,33.00,95.00
oct,776.00,35.00,95.00
oct,780.00,34.00,95.00
oct,849.00,28.00,95.00
oct,812.00,33.00,95.00
oct,865.00,29.00,95.00
oct,801.00,35.00,95.00
oct,869.00,33.00,95.00
oct,789.00,29.00,95.00
oct,777.00,35.00,95.00
oct,739.00,28.00,95.00
oct,732.00,33.00,95.00
oct,744.00,34.00,95.00
oct,1024.00,35.00,95.00
oct,794.00,33.00,95.00
oct,1024.00,33.00,95.00
oct,756.00,34.00,95.00
oct,748.00,35.00,95.00
oct,736.00,35.00,95.00
oct,750.00,33.00,95.00
oct,723.00,33.00,95.00
oct,702.00,33.00,95.00
oct,667.00,28.00,95.00
oct,700.00,29.00,95.00
oct,472.00,33.00,95.00
oct,665.00,33.00,95.00
oct,712.00,34.00,95.00
oct,700.00,34.00,95.00
oct,717.00,34.00,95.00
oct,734.00,34.00,95.00
oct,751.00,35.00,95.00
oct,759.00,29.00,95.00
oct,747.00,29.00,95.00
oct,715.00,31.00,95.00
oct,737.00,35.00,95.00
oct,744.00,35.00,95.00
oct,785.00,34.00,95.00
oct,694.00,35.00,95.00
oct,708.00,34.00,95.00
oct,740.00,34.00,95.00
oct,751.00,33.00,95.00
oct,734.00,34.00,95.00
oct,733.00,32.00,95.00
oct,722.00,32.00,95.00
oct,688.00,34.00,95.00
oct,723.00,33.00,95.00
oct,730.00,35.00,95.00
oct,850.00,34.00,95.00
oct,744.00,34.00,95.00
oct,457.00,33.00,95.00
oct,761.00,34.00,95.00
oct,686.00,31.00,95.00
oct,762.00,31.00,95.00
oct,782.00,30.00,95.00
oct,675.00,35.00,95.00
oct,523.00,34.00,95.00
oct,452.00,35.00,95.00
oct,759.00,31.00,95.00
oct,642.00,34.00,95.00
oct,746.00,34.00,95.00
oct,766.00,34.00,95.00
oct,736.00,29.00,95.00
oct,795.00,29.00,95.00
oct,771.00,35.00,95.00
oct,754.00,29.00,95.00
oct,783.00,34.00,95.00
oct,697.00,29.00,95.00
oct,496.00,14.00,95.00
oct,456.00,12.00,95.00
oct,1024.00,96.00,95.00
oct,1024.00,82.00,95.00
oct,717.00,30.00,95.00
oct,550.00,18.00,95.00
oct,43.00,29.00,95.00
oct,386.00,0.00,95.00
oct,1024.00,18.00,95.00
oct,747.00,32.00,95.00
oct,437.00,7.00,95.00
oct,722.00,43.00,95.00
oct,470.00,0.00,95.00
oct,677.00,59.00,95.00
oct,723.00,19.00,95.00
oct,678.00,43.00,95.00
oct,724.00,30.00,95.00
oct,709.00,0.00,95.00
oct,700.00,1.00,95.00
oct,673.00,41.00,95.00
oct,730.00,34.00,95.00
oct,698.00,52.00,95.00
oct,709.00,33.00,95.00
oct,810.00,25.00,95.00
oct,702.00,17.00,95.00
oct,665.00,37.00,95.00
oct,469.00,8.00,95.00
oct,700.00,67.00,95.00
oct,752.00,31.00,95.00
oct,718.00,36.00,95.00
oct,655.00,6.00,95.00
oct,735.00,35.00,95.00
oct,652.00,19.00,95.00
oct,749.00,28.00,95.00
oct,667.00,49.00,95.00
oct,715.00,49.00,95.00
oct,799.00,40.00,95.00
oct,721.00,33.00,95.00
oct,811.00,21.00,95.00
oct,716.00,39.00,95.00
oct,624.00,55.00,95.00
oct,1024.00,26.00,95.00
oct,1024.00,36.00,95.00
oct,1024.00,31.00,95.00
oct,1024.00,36.00,95.00
oct,800.00,39.00,95.00
oct,833.00,54.00,95.00
oct,898.00,56.00,95.00
oct,932.00,45.00,95.00
oct,937.00,44.00,95.00
oct,1024.00,51.00,95.00
oct,958.00,59.00,95.00
oct,951.00,56.00,95.00
oct,1024.00,55.00,95.00
oct,1024.00,53.00,95.00
oct,1024.00,53.00,95.00
oct,1024.00,54.00,95.00
oct,1024.00,53.00,95.00
oct,1024.00,59.00,95.00
oct,650.00,51.00,95.00
oct,751.00,52.00,95.00
oct,620.00,47.00,95.00
oct,807.00,41.00,95.00
oct,625.00,47.00,95.00
oct,643.00,49.00,95.00
oct,660.00,39.00,95.00
oct,808.00,37.00,95.00
oct,696.00,44.00,95.00
oct,729.00,36.00,95.00
oct,740.00,40.00,95.00
oct,787.00,41.00,95.00
oct,730.00,43.00,95.00
oct,685.00,43.00,95.00
oct,1024.00,39.00,95.00
oct,1024.00,40.00,95.00
oct,690.00,36.00,95.00
oct,1024.00,36.00,95.00
oct,1024.00,32.00,95.00
oct,1024.00,36.00,95.00
oct,73.00,34.00,95.00
oct,104.00,31.00,95.00
oct,1024.00,19.00,95.00
oct,1024.00,17.00,95.00
oct,1024.00,18.00,69.00
oct,103.00,34.00,69.00
oct,1024.00,28.00,69.00
oct,101.00,34.00,69.00
oct,433.00,17.00,69.00
oct,90.00,35.00,69.00
oct,1024.00,33.00,69.00
oct,1024.00,16.00,69.00
oct,94.00,26.00,69.00
oct,73.00,31.00,69.00
oct,1024.00,31.00,69.00
oct,1024.00,32.00,69.00
oct,1024.00,33.00,69.00
oct,106.00,30.00,69.00
oct,250.00,31.00,69.00
oct,81.00,24.00,69.00
oct,1024.00,121.00,69.00
oct,1024.00,33.00,69.00
oct,93.00,34.00,69.00
oct,1024.00,33.00,69.00
oct,110.00,32.00,69.00
oct,78.00,27.00,69.00
oct,106.00,32.00,69.00
oct,72.00,17.00,69.00
oct,1024.00,28.00,69.00
oct,136.00,33.00,69.00
oct,66.00,29.00,69.00
oct,416.00,33.00,69.00
oct,1024.00,29.00,69.00
oct,1024.00,33.00,69.00
oct,97.00,34.00,69.00
oct,82.00,29.00,69.00
oct,770.00,14.00,69.00
oct,82.00,34.00,69.00
oct,1024.00,32.00,69.00
oct,1024.00,33.00,69.00
oct,1024.00,28.00,69.00
oct,102.00,33.00,69.00
oct,86.00,33.00,69.00
oct,114.00,33.00,69.00
oct,1024.00,31.00,69.00
oct,1024.00,33.00,69.00
oct,1024.00,34.00,69.00
oct,1024.00,28.00,69.00
oct,1024.00,33.00,69.00
oct,108.00,35.00,69.00
oct,106.00,30.00,69.00
oct,105.00,33.00,69.00
oct,1024.00,19.00,69.00
oct,1024.00,33.00,69.00
oct,109.00,33.00,69.00
oct,78.00,29.00,69.00
oct,1024.00,28.00,69.00
oct,109.00,33.00,69.00
oct,82.00,16.00,69.00
oct,813.00,35.00,69.00
oct,1024.00,32.00,68.00
oct,1024.00,35.00,68.00
oct,1024.00,37.00,68.00
oct,1024.00,37.00,68.00
oct,1024.00,37.00,68.00
oct,1024.00,36.00,68.00
oct,1024.00,38.00,68.00
oct,1024.00,39.00,68.00
oct,1024.00,38.00,68.00
oct,1024.00,33.00,68.00
oct,1024.00,37.00,68.00
oct,1024.00,41.00,68.00
oct,1024.00,19.00,68.00
oct,1024.00,29.00,68.00
oct,1024.00,29.00,68.00
oct,1024.00,36.00,69.00
oct,1024.00,36.00,69.00
oct,1024.00,31.00,69.00
oct,1024.00,31.00,69.00
oct,908.00,37.00,69.00
oct,1024.00,35.00,69.00
oct,1024.00,36.00,69.00
oct,1024.00,31.00,69.00
oct,1024.00,29.00,69.00
oct,1024.00,32.00,69.00
oct,1024.00,33.00,69.00
oct,1024.00,33.00,69.00
oct,1024.00,32.00,69.00
oct,1024.00,33.00,69.00
oct,1024.00,33.00,69.00
oct,1024.00,29.00,69.00
oct,1024.00,29.00,69.00
oct,1024.00,28.00,69.00
oct,1024.00,33.00,95.00
oct,838.00,35.00,95.00
oct,124.00,38.00,95.00
oct,448.00,44.00,95.00
oct,610.00,46.00,95.00
oct,670.00,43.00,95.00
oct,499.00,121.00,95.00
oct,561.00,45.00,95.00
oct,687.00,13.00,95.00
oct,1024.00,11.00,95.00
oct,1024.00,6.00,95.00
oct,1024.00,22.00,95.00
oct,714.00,9.00,95.00
oct,1024.00,3.00,95.00
oct,1024.00,4.00,95.00
oct,751.00,14.00,95.00
oct,1024.00,1.00,95.00
oct,1024.00,9.00,95.00
oct,725.00,35.00,95.00
oct,816.00,29.00,95.00
oct,770.00,29.00,95.00
oct,1024.00,3.00,95.00
oct,723.00,34.00,94.00
oct,1024.00,34.00,87.00
oct,1024.00,27.00,87.00
oct,1024.00,22.00,81.00
oct,1024.00,28.00,81.00
oct,1024.00,27.00,81.00
oct,1024.00,23.00,81.00
oct,1024.00,27.00,81.00
oct,1024.00,28.00,81.00
oct,1024.00,29.00,81.00
oct,1024.00,26.00,81.00
oct,732.00,29.00,81.00
oct,740.00,29.00,81.00
oct,1024.00,29.00,81.00
oct,1024.00,26.00,81.00
oct,1024.00,30.00,81.00
oct,1024.00,29.00,81.00
oct,1024.00,31.00,81.00
oct,1024.00,23.00,81.00
oct,789.00,25.00,81.00
oct,1024.00,28.00,81.00
oct,1024.00,29.00,81.00
oct,1024.00,30.00,67.00
oct,728.00,28.00,67.00
oct,1024.00,28.00,67.00
oct,1024.00,31.00,67.00
oct,760.00,29.00,67.00
oct,1024.00,29.00,67.00
oct,1024.00,26.00,67.00
oct,742.00,28.00,67.00
oct,1024.00,25.00,67.00
oct,760.00,25.00,67.00
oct,1024.00,29.00,67.00
oct,740.00,29.00,67.00
oct,750.00,29.00,67.00
oct,1024.00,29.00,67.00
oct,1024.00,30.00,67.00
oct,1024.00,26.00,67.00
oct,1024.00,24.00,67.00
oct,1024.00,28.00,67.00
oct,754.00,23.00,67.00
oct,1024.00,29.00,67.00
oct,1024.00,26.00,67.00
oct,711.00,28.00,67.00
oct,1024.00,30.00,67.00
oct,738.00,22.00,67.00
oct,1024.00,25.00,67.00
oct,735.00,28.00,67.00
oct,1024.00,29.00,67.00
oct,1024.00,29.00,67.00
oct,1024.00,29.00,67.00
oct,1024.00,25.00,67.00
oct,747.00,24.00,67.00
oct,1024.00,30.00,67.00
oct,1024.00,26.00,67.00
oct,750.00,26.00,67.00
oct,1024.00,26.00,67.00
oct,1024.00,27.00,67.00
oct,1024.00,21.00,67.00
oct,1024.00,28.00,67.00
oct,729.00,23.00,67.00
oct,1024.00,28.00,67.00
oct,1024.00,29.00,67.00
oct,1024.00,29.00,67.00
oct,1024.00,32.00,66.00
oct,1024.00,22.00,66.00
oct,1024.00,27.00,66.00
oct,1024.00,30.00,66.00
oct,1024.00,28.00,66.00
oct,1024.00,23.00,66.00
oct,1024.00,31.00,66.00
oct,1024.00,29.00,66.00
oct,1024.00,26.00,66.00
oct,1024.00,28.00,66.00
oct,1024.00,30.00,66.00
oct,1024.00,28.00,66.00
oct,1024.00,28.00,66.00
oct,718.00,25.00,66.00
oct,1024.00,29.00,66.00
oct,1024.00,29.00,66.00
oct,1024.00,23.00,66.00
oct,1024.00,23.00,66.00
oct,737.00,28.00,66.00
oct,729.00,25.00,66.00
oct,1024.00,25.00,66.00
oct,1024.00,27.00,66.00
oct,1024.00,29.00,66.00
oct,1024.00,24.00,66.00
oct,1024.00,29.00,66.00
oct,1024.00,33.00,67.00
oct,1024.00,28.00,66.00
oct,1024.00,27.00,66.00
oct,1024.00,30.00,66.00
oct,1024.00,27.00,66.00
oct,1024.00,28.00,66.00
oct,1024.00,30.00,66.00
oct,1024.00,31.00,66.00
oct,1024.00,28.00,66.00
oct,1024.00,32.00,65.00
oct,1024.00,25.00,65.00
oct,1024.00,30.00,65.00
oct,1024.00,30.00,65.00
oct,1024.00,32.00,65.00
oct,1024.00,30.00,65.00
oct,1024.00,29.00,65.00
oct,1024.00,32.00,65.00
oct,1024.00,32.00,66.00
oct,1024.00,33.00,66.00
oct,1024.00,29.00,66.00
oct,1024.00,31.00,66.00
oct,1024.00,31.00,66.00
oct,1024.00,33.00,66.00
oct,1024.00,27.00,66.00
oct,1024.00,31.00,66.00
oct,1024.00,27.00,66.00
oct,1024.00,32.00,66.00
oct,1024.00,30.00,66.00
oct,1024.00,26.00,66.00
oct,1024.00,27.00,66.00
oct,1024.00,30.00,65.00
oct,1024.00,31.00,65.00
oct,1024.00,26.00,65.00
oct,1024.00,31.00,65.00
oct,1024.00,31.00,65.00
oct,1024.00,31.00,65.00
oct,1024.00,32.00,65.00
oct,1024.00,27.00,65.00
oct,1024.00,31.00,65.00
oct,1024.00,30.00,65.00
oct,1024.00,32.00,65.00
oct,1024.00,32.00,65.00
oct,1024.00,31.00,65.00
oct,1024.00,31.00,65.00
oct,1024.00,27.00,65.00
oct,1024.00,27.00,65.00
oct,1024.00,31.00,65.00
oct,1024.00,26.00,65.00
oct,1024.00,31.00,65.00
oct,1024.00,31.00,65.00
oct,1024.00,32.00,65.00
oct,1024.00,31.00,65.00
oct,1024.00,31.00,65.00
oct,1024.00,32.00,65.00
oct,1024.00,25.00,65.00
oct,1024.00,29.00,65.00
oct,1024.00,29.00,65.00
oct,1024.00,29.00,65.00
oct,1024.00,28.00,65.00
oct,1024.00,27.00,65.00
oct,1024.00,26.00,65.00
oct,1024.00,26.00,70.00
oct,1024.00,31.00,70.00
oct,1024.00,27.00,70.00
oct,1024.00,22.00,70.00
oct,1024.00,28.00,70.00
oct,1024.00,34.00,70.00
oct,1024.00,23.00,70.00
oct,1024.00,29.00,70.00
oct,812.00,35.00,70.00
oct,736.00,31.00,95.00
oct,1024.00,31.00,95.00
oct,1024.00,30.00,95.00
oct,1024.00,30.00,95.00
oct,1024.00,33.00,95.00
oct,793.00,33.00,95.00
oct,1024.00,36.00,95.00
oct,1024.00,36.00,95.00
oct,915.00,33.00,95.00
oct,1024.00,35.00,95.00
oct,1024.00,31.00,95.00
oct,1024.00,33.00,95.00
oct,1024.00,29.00,95.00
oct,1024.00,28.00,95.00
oct,1024.00,29.00,95.00
oct,1024.00,29.00,95.00
oct,1024.00,29.00,95.00
oct,1024.00,28.00,95.00
oct,1024.00,28.00,95.00
oct,1024.00,27.00,95.00
oct,1024.00,29.00,95.00
oct,1024.00,28.00,95.00
oct,1024.00,23.00,95.00
oct,1024.00,30.00,95.00
oct,1024.00,30.00,95.00
oct,1024.00,29.00,95.00
oct,1024.00,31.00,95.00
oct,1024.00,23.00,95.00
oct,1024.00,31.00,95.00
oct,1024.00,29.00,95.00
oct,1024.00,27.00,95.00
oct,1024.00,29.00,95.00
oct,1024.00,27.00,95.00
oct,1024.00,26.00,95.00
oct,1024.00,28.00,95.00
oct,1024.00,29.00,95.00
oct,1024.00,29.00,95.00
oct,1024.00,21.00,95.00
oct,1024.00,22.00,95.00
oct,1024.00,28.00,95.00
oct,1024.00,29.00,95.00
oct,1024.00,26.00,95.00
oct,1024.00,25.00,95.00
oct,1024.00,28.00,95.00
oct,1024.00,27.00,95.00
oct,1024.00,22.00,95.00
oct,1024.00,28.00,95.00
oct,1024.00,23.00,95.00
oct,1024.00,28.00,95.00
oct,1024.00,27.00,95.00
oct,1024.00,26.00,95.00
oct,1024.00,27.00,95.00
oct,1024.00,27.00,95.00
oct,1024.00,25.00,95.00
oct,1024.00,26.00,95.00
oct,1024.00,26.00,95.00
oct,1024.00,27.00,95.00
oct,1024.00,26.00,95.00
oct,1024.00,26.00,95.00
oct,1024.00,25.00,95.00
oct,1024.00,26.00,95.00
oct,1024.00,27.00,95.00
oct,1024.00,29.00,95.00
oct,1024.00,28.00,95.00
oct,1024.00,27.00,95.00
oct,1024.00,26.00,95.00
oct,1024.00,26.00,95.00
oct,1024.00,27.00,95.00
oct,1024.00,26.00,95.00
oct,1024.00,27.00,95.00
oct,1024.00,24.00,95.00
oct,1024.00,22.00,95.00
oct,1024.00,28.00,95.00
oct,1024.00,29.00,95.00
oct,1024.00,24.00,95.00
oct,1024.00,30.00,95.00
oct,1024.00,29.00,95.00
oct,1024.00,29.00,95.00
oct,1024.00,28.00,95.00
oct,1024.00,29.00,95.00
oct,1024.00,31.00,95.00
oct,1024.00,30.00,95.00
oct,1024.00,29.00,95.00
oct,1024.00,31.00,95.00
oct,1024.00,30.00,95.00
oct,1024.00,33.00,95.00
oct,1024.00,27.00,95.00
oct,1024.00,31.00,95.00
oct,1024.00,31.00,95.00
oct,1024.00,33.00,95.00
oct,1024.00,31.00,95.00
oct,1024.00,30.00,95.00
oct,1024.00,31.00,95.00
oct,1024.00,32.00,95.00
oct,1024.00,29.00,95.00
oct,1024.00,30.00,95.00
oct,1024.00,32.00,95.00
oct,1024.00,33.00,95.00
oct,1024.00,28.00,95.00
oct,1024.00,32.00,95.00
oct,1024.00,31.00,95.00
oct,1024.00,32.00,95.00
oct,1024.00,27.00,66.00
oct,1024.00,32.00,66.00
oct,1024.00,33.00,66.00
oct,1024.00,31.00,66.00
oct,1024.00,29.00,67.00
oct,1024.00,27.00,67.00
oct,1024.00,33.00,67.00
oct,1024.00,27.00,67.00
oct,1024.00,27.00,67.00
oct,1024.00,32.00,67.00
oct,1024.00,32.00,67.00
oct,1024.00,27.00,65.00
oct,1024.00,36.00,65.00
oct,1024.00,32.00,66.00
oct,1024.00,27.00,65.00
oct,1024.00,32.00,65.00
oct,1024.00,32.00,65.00
oct,1024.00,27.00,65.00
oct,1024.00,31.00,65.00
oct,1024.00,33.00,65.00
oct,1024.00,33.00,65.00
oct,1024.00,31.00,65.00
oct,1024.00,31.00,65.00
oct,1024.00,31.00,65.00
oct,1024.00,32.00,63.00
oct,1024.00,31.00,63.00
oct,1024.00,27.00,63.00
oct,1024.00,32.00,63.00
oct,1024.00,29.00,63.00
oct,1024.00,32.00,63.00
oct,1024.00,31.00,63.00
oct,1024.00,33.00,63.00
oct,1024.00,32.00,63.00
oct,1024.00,31.00,63.00
oct,1024.00,31.00,63.00
oct,1024.00,32.00,63.00
oct,1024.00,32.00,64.00
oct,1024.00,31.00,64.00
oct,1024.00,30.00,64.00
oct,1024.00,32.00,64.00
oct,1024.00,29.00,64.00
oct,1024.00,31.00,64.00
oct,1024.00,32.00,64.00
oct,1024.00,28.00,64.00
oct,1024.00,29.00,64.00
oct,1024.00,31.00,64.00
oct,1024.00,32.00,64.00
oct,1024.00,32.00,64.00
oct,1024.00,29.00,64.00
oct,1024.00,33.00,64.00
oct,1024.00,32.00,64.00
oct,1024.00,33.00,64.00
oct,1024.00,33.00,64.00
oct,1024.00,29.00,65.00
oct,1024.00,33.00,65.00
oct,1024.00,29.00,65.00
oct,1024.00,33.00,65.00
oct,1024.00,28.00,65.00
oct,1024.00,33.00,65.00
oct,1024.00,33.00,65.00
oct,1024.00,33.00,65.00
oct,1024.00,31.00,65.00
oct,1024.00,19.00,66.00
oct,1024.00,31.00,66.00
oct,1024.00,32.00,66.00
oct,1024.00,29.00,66.00
oct,1024.00,33.00,66.00
oct,1024.00,32.00,66.00
oct,1024.00,31.00,66.00
oct,1024.00,31.00,66.00
oct,1024.00,27.00,66.00
oct,1024.00,34.00,66.00
oct,1024.00,30.00,66.00
oct,1024.00,28.00,66.00
oct,1024.00,32.00,66.00
oct,1024.00,32.00,66.00
oct,1024.00,33.00,66.00
oct,1024.00,32.00,66.00
oct,1024.00,29.00,66.00
oct,1024.00,28.00,66.00
oct,1024.00,29.00,66.00
oct,1024.00,33.00,66.00
oct,1024.00,32.00,66.00
oct,1024.00,29.00,66.00
oct,1024.00,33.00,66.00
oct,1024.00,33.00,66.00
oct,1024.00,31.00,66.00
oct,1024.00,32.00,66.00
oct,1024.00,28.00,66.00
oct,1024.00,33.00,66.00
oct,1024.00,31.00,66.00
oct,1024.00,33.00,65.00
oct,1024.00,29.00,65.00
oct,1024.00,32.00,65.00
oct,1024.00,28.00,65.00
oct,1024.00,33.00,65.00
oct,1024.00,33.00,65.00
oct,1024.00,32.00,65.00
oct,1024.00,32.00,65.00
oct,1024.00,28.00,64.00
oct,1024.00,33.00,64.00
oct,1024.00,29.00,64.00
oct,1024.00,29.00,64.00
oct,1024.00,33.00,64.00
oct,1024.00,34.00,64.00
oct,1024.00,29.00,64.00
oct,1024.00,33.00,64.00
oct,1024.00,33.00,64.00
oct,1024.00,33.00,65.00
oct,1024.00,28.00,65.00
oct,1024.00,33.00,65.00
oct,1024.00,33.00,65.00
oct,1024.00,32.00,65.00
oct,1024.00,33.00,65.00
oct,1024.00,28.00,65.00
oct,1024.00,29.00,65.00
oct,1024.00,34.00,65.00
oct,1024.00,33.00,65.00
oct,1024.00,35.00,65.00
oct,1024.00,34.00,65.00
oct,1024.00,29.00,67.00
oct,1024.00,33.00,67.00
oct,1024.00,33.00,67.00
oct,1024.00,32.00,67.00
oct,1024.00,33.00,66.00
oct,1024.00,34.00,66.00
oct,1024.00,33.00,66.00
oct,1024.00,32.00,66.00
oct,1024.00,33.00,66.00
oct,1024.00,31.00,66.00
oct,1024.00,29.00,66.00
oct,1024.00,33.00,66.00
oct,1024.00,29.00,66.00
oct,1024.00,29.00,66.00
oct,1024.00,32.00,65.00
oct,1024.00,33.00,65.00
oct,1024.00,35.00,65.00
oct,1024.00,33.00,65.00
oct,1024.00,33.00,65.00
oct,1024.00,31.00,65.00
oct,1024.00,35.00,65.00
oct,1024.00,33.00,65.00
oct,1024.00,31.00,65.00
oct,1024.00,32.00,65.00
oct,1024.00,32.00,65.00
oct,1024.00,29.00,65.00
oct,1024.00,33.00,65.00
oct,1024.00,34.00,65.00
oct,1024.00,32.00,65.00
oct,1024.00,32.00,65.00
oct,1024.00,29.00,65.00
oct,1024.00,33.00,65.00
oct,1024.00,34.00,65.00
oct,1024.00,35.00,65.00
oct,1024.00,33.00,65.00
oct,1024.00,31.00,65.00
oct,1024.00,27.00,65.00
oct,1024.00,28.00,65.00
oct,1024.00,31.00,65.00
oct,1024.00,31.00,65.00
oct,1024.00,28.00,65.00
oct,1024.00,34.00,65.00
oct,1024.00,26.00,65.00
oct,1024.00,29.00,65.00
oct,1024.00,31.00,64.00
oct,1024.00,23.00,64.00
oct,1024.00,24.00,64.00
oct,1024.00,30.00,64.00
oct,1024.00,27.00,64.00
oct,1024.00,28.00,64.00
oct,1024.00,31.00,64.00
oct,1024.00,28.00,64.00
oct,1024.00,32.00,64.00
oct,1024.00,32.00,64.00
oct,1024.00,32.00,64.00
oct,1024.00,29.00,64.00
oct,1024.00,32.00,65.00
oct,1024.00,29.00,65.00
oct,1024.00,31.00,65.00
oct,1024.00,26.00,65.00
oct,1024.00,33.00,65.00
oct,1024.00,32.00,65.00
oct,1024.00,29.00,65.00
oct,1024.00,31.00,65.00
oct,1024.00,34.00,65.00
oct,1024.00,33.00,65.00
oct,1024.00,31.00,65.00
oct,1024.00,33.00,65.00
oct,1024.00,32.00,65.00
oct,1024.00,32.00,65.00
oct,1024.00,33.00,65.00
oct,1024.00,29.00,65.00
oct,1024.00,34.00,65.00
oct,1024.00,30.00,65.00
oct,1024.00,32.00,65.00
oct,1024.00,27.00,65.00
oct,1024.00,32.00,65.00
oct,1024.00,32.00,65.00
oct,1024.00,32.00,65.00
oct,1024.00,32.00,65.00
oct,1024.00,32.00,65.00
oct,1024.00,31.00,65.00
oct,1024.00,32.00,65.00
oct,1024.00,33.00,65.00
oct,1024.00,32.00,65.00
oct,1024.00,31.00,65.00
oct,1024.00,32.00,65.00
oct,1024.00,34.00,65.00
oct,1024.00,31.00,65.00
oct,1024.00,27.00,65.00
oct,1024.00,32.00,65.00
oct,1024.00,29.00,65.00
oct,1024.00,32.00,65.00
oct,1024.00,32.00,64.00
oct,1024.00,29.00,64.00
oct,1024.00,33.00,64.00
oct,1024.00,31.00,64.00
oct,1024.00,29.00,64.00
oct,1024.00,32.00,64.00
oct,1024.00,30.00,64.00
oct,1024.00,28.00,64.00
oct,1024.00,32.00,64.00
oct,1024.00,30.00,64.00
oct,1024.00,32.00,64.00
oct,1024.00,33.00,64.00
oct,1024.00,29.00,64.00
oct,1024.00,31.00,64.00
oct,1024.00,31.00,64.00
oct,1024.00,28.00,64.00
oct,1024.00,30.00,64.00
oct,1024.00,28.00,64.00
oct,1024.00,33.00,64.00
oct,1024.00,31.00,64.00
oct,1024.00,32.00,64.00
oct,1024.00,32.00,64.00
oct,1024.00,33.00,64.00
oct,1024.00,33.00,64.00
oct,1024.00,34.00,64.00
oct,1024.00,33.00,64.00
oct,1024.00,29.00,64.00
oct,1024.00,30.00,64.00
oct,1024.00,32.00,64.00
oct,1024.00,33.00,64.00
oct,1024.00,32.00,64.00
oct,1024.00,33.00,64.00
oct,1024.00,29.00,64.00
oct,1024.00,34.00,64.00
oct,1024.00,31.00,64.00
oct,1024.00,33.00,64.00
oct,1024.00,33.00,64.00
oct,1024.00,34.00,64.00
oct,1024.00,32.00,64.00
oct,1024.00,27.00,64.00
oct,1024.00,33.00,64.00
oct,1024.00,33.00,64.00
oct,1024.00,32.00,64.00
oct,1024.00,32.00,64.00
oct,1024.00,29.00,64.00
oct,1024.00,33.00,64.00
oct,1024.00,31.00,64.00
oct,1024.00,34.00,64.00
oct,1024.00,29.00,64.00
oct,1024.00,32.00,64.00
oct,1024.00,33.00,64.00
oct,1024.00,33.00,64.00
oct,1024.00,33.00,64.00
oct,1024.00,29.00,64.00
oct,1024.00,28.00,64.00
oct,1024.00,27.00,64.00
oct,1024.00,29.00,64.00
oct,1024.00,23.00,64.00
oct,1024.00,29.00,64.00
oct,1024.00,23.00,64.00
oct,1024.00,21.00,64.00
oct,1024.00,27.00,64.00
oct,1024.00,27.00,64.00
oct,1024.00,23.00,64.00
oct,1024.00,23.00,64.00
oct,1024.00,26.00,64.00
oct,1024.00,23.00,64.00
oct,1024.00,24.00,64.00
oct,1024.00,30.00,64.00
oct,1024.00,31.00,64.00
oct,1024.00,30.00,64.00
oct,1024.00,31.00,64.00
oct,1024.00,28.00,65.00
oct,1024.00,26.00,65.00
oct,1024.00,29.00,65.00
oct,1024.00,33.00,65.00
oct,1024.00,29.00,65.00
oct,1024.00,26.00,64.00
oct,1024.00,29.00,64.00
oct,1024.00,27.00,64.00
oct,1024.00,28.00,64.00
oct,1024.00,33.00,64.00
oct,1024.00,32.00,64.00
oct,1024.00,33.00,64.00
oct,1024.00,33.00,64.00
oct,1024.00,34.00,64.00
oct,1024.00,27.00,64.00
oct,1024.00,33.00,64.00
oct,1024.00,33.00,64.00
oct,1024.00,32.00,64.00
oct,1024.00,33.00,64.00
oct,1024.00,28.00,64.00
oct,1024.00,32.00,64.00
oct,1024.00,33.00,64.00
oct,1024.00,30.00,64.00
oct,1024.00,33.00,64.00
oct,1024.00,33.00,64.00
oct,1024.00,29.00,64.00
oct,1024.00,33.00,64.00
oct,1024.00,32.00,64.00
oct,1024.00,33.00,64.00
oct,1024.00,32.00,64.00
oct,1024.00,30.00,64.00
oct,1024.00,31.00,64.00
oct,1024.00,32.00,64.00
oct,1024.00,29.00,64.00
oct,1024.00,33.00,64.00
oct,1024.00,32.00,64.00
oct,1024.00,29.00,64.00
oct,1024.00,29.00,64.00
oct,1024.00,32.00,64.00
oct,1024.00,33.00,64.00
oct,1024.00,33.00,64.00
oct,1024.00,33.00,64.00
oct,1024.00,28.00,64.00
oct,1024.00,34.00,64.00
oct,1024.00,34.00,64.00
oct,1024.00,34.00,64.00
oct,1024.00,29.00,64.00
oct,1024.00,33.00,64.00
oct,1024.00,33.00,64.00
oct,1024.00,33.00,64.00
oct,1024.00,33.00,64.00
oct,1024.00,27.00,64.00
oct,1024.00,27.00,64.00
oct,1024.00,33.00,64.00
oct,1024.00,29.00,64.00
oct,1024.00,33.00,64.00
oct,1024.00,29.00,64.00
oct,1024.00,33.00,64.00
oct,1024.00,32.00,64.00
oct,1024.00,29.00,63.00
oct,1024.00,33.00,63.00
oct,1024.00,34.00,63.00
oct,1024.00,29.00,63.00
oct,1024.00,33.00,63.00
oct,1024.00,31.00,63.00
oct,1024.00,29.00,63.00
oct,1024.00,32.00,63.00
oct,1024.00,29.00,62.00
oct,1024.00,33.00,62.00
oct,1024.00,34.00,62.00
oct,1024.00,29.00,62.00
oct,1024.00,31.00,62.00
oct,1024.00,33.00,62.00
oct,1024.00,33.00,62.00
oct,1024.00,32.00,62.00
oct,1024.00,33.00,62.00
oct,1024.00,35.00,62.00
oct,1024.00,33.00,62.00
oct,1024.00,34.00,62.00
oct,1024.00,28.00,62.00
oct,1024.00,30.00,64.00
oct,1024.00,32.00,64.00
oct,1024.00,32.00,64.00
oct,1024.00,33.00,64.00
oct,1024.00,29.00,64.00
oct,1024.00,28.00,64.00
oct,1024.00,26.00,64.00
oct,1024.00,32.00,64.00
oct,1024.00,28.00,64.00
oct,1024.00,35.00,64.00
oct,1024.00,28.00,64.00
oct,1024.00,33.00,64.00
oct,1024.00,34.00,64.00
oct,1024.00,32.00,64.00
oct,1024.00,33.00,64.00
oct,1024.00,33.00,64.00
oct,1024.00,33.00,64.00
oct,1024.00,29.00,64.00
oct,1024.00,29.00,64.00
oct,1024.00,28.00,64.00
oct,1024.00,33.00,64.00
oct,1024.00,32.00,64.00
oct,1024.00,34.00,64.00
oct,1024.00,29.00,64.00
oct,1024.00,31.00,64.00
oct,1024.00,31.00,64.00
oct,1024.00,35.00,64.00
oct,1024.00,33.00,64.00
oct,1024.00,29.00,64.00
oct,1024.00,34.00,64.00
oct,1024.00,29.00,64.00
oct,1024.00,33.00,64.00
oct,1024.00,28.00,63.00
oct,1024.00,32.00,63.00
oct,1024.00,33.00,63.00
oct,1024.00,29.00,63.00
oct,1024.00,33.00,63.00
oct,1024.00,34.00,63.00
oct,1024.00,34.00,63.00
oct,1024.00,33.00,63.00
oct,1024.00,24.00,63.00
oct,1024.00,32.00,63.00
oct,1024.00,33.00,63.00
oct,1024.00,33.00,63.00
oct,1024.00,28.00,63.00
oct,1024.00,33.00,63.00
oct,1024.00,33.00,63.00
oct,1024.00,33.00,63.00
oct,1024.00,28.00,63.00
oct,1024.00,28.00,63.00
oct,1024.00,33.00,63.00
oct,1024.00,34.00,63.00
oct,1024.00,28.00,62.00
oct,1024.00,34.00,62.00
oct,1024.00,32.00,62.00
oct,1024.00,35.00,62.00
oct,1024.00,33.00,62.00
oct,1024.00,34.00,62.00
oct,1024.00,33.00,62.00
oct,1024.00,31.00,62.00
oct,1024.00,34.00,62.00
oct,1024.00,32.00,62.00
oct,1024.00,28.00,62.00
oct,1024.00,29.00,62.00
oct,1024.00,29.00,62.00
oct,1024.00,33.00,62.00
oct,1024.00,32.00,62.00
oct,1024.00,35.00,62.00
oct,1024.00,33.00,62.00
oct,1024.00,32.00,62.00
oct,1024.00,34.00,62.00
oct,1024.00,29.00,62.00
oct,1024.00,34.00,62.00
oct,1024.00,30.00,62.00
oct,1024.00,32.00,62.00
oct,1024.00,33.00,62.00
oct,1024.00,27.00,62.00
oct,1024.00,32.00,62.00
oct,1024.00,34.00,62.00
oct,1024.00,33.00,62.00
oct,1024.00,33.00,62.00
oct,1024.00,32.00,62.00
oct,1024.00,33.00,62.00
oct,1024.00,33.00,62.00
oct,1024.00,28.00,62.00
oct,1024.00,27.00,62.00
oct,1024.00,33.00,62.00
oct,1024.00,32.00,62.00
oct,1024.00,28.00,62.00
oct,1024.00,33.00,62.00
oct,1024.00,33.00,62.00
oct,1024.00,33.00,62.00
oct,1024.00,29.00,62.00
oct,1024.00,29.00,62.00
oct,1024.00,33.00,62.00
oct,1024.00,33.00,62.00
oct,1024.00,33.00,62.00
oct,1024.00,34.00,62.00
oct,1024.00,33.00,62.00
oct,1024.00,29.00,62.00
oct,1024.00,28.00,62.00
oct,1024.00,29.00,62.00
oct,1024.00,30.00,62.00
oct,1024.00,34.00,62.00
oct,1024.00,32.00,62.00
oct,1024.00,28.00,62.00
oct,1024.00,32.00,62.00
oct,1024.00,33.00,62.00
oct,1024.00,33.00,62.00
oct,1024.00,28.00,62.00
oct,1024.00,33.00,62.00
oct,1024.00,33.00,62.00
oct,1024.00,33.00,62.00
oct,1024.00,33.00,62.00
oct,1024.00,28.00,62.00
oct,1024.00,33.00,62.00
oct,1024.00,33.00,62.00
oct,1024.00,33.00,62.00
oct,1024.00,34.00,62.00
oct,1024.00,28.00,62.00
oct,1024.00,35.00,62.00
oct,1024.00,31.00,62.00
oct,1024.00,34.00,62.00
oct,1024.00,33.00,62.00
oct,1024.00,34.00,62.00
oct,1024.00,32.00,62.00
oct,1024.00,27.00,62.00
oct,1024.00,33.00,62.00
oct,1024.00,28.00,62.00
oct,1024.00,32.00,62.00
oct,1024.00,31.00,62.00
oct,1024.00,33.00,62.00
oct,1024.00,29.00,62.00
oct,1024.00,34.00,62.00
oct,1024.00,33.00,63.00
oct,1024.00,34.00,63.00
oct,1024.00,28.00,62.00
oct,1024.00,30.00,62.00
oct,1024.00,32.00,62.00
oct,1024.00,30.00,62.00
oct,1024.00,32.00,62.00
oct,1024.00,33.00,62.00
oct,1024.00,33.00,62.00
oct,1024.00,32.00,62.00
oct,1024.00,32.00,62.00
oct,1024.00,33.00,62.00
oct,1024.00,33.00,62.00
oct,1024.00,28.00,62.00
oct,1024.00,33.00,64.00
oct,1024.00,28.00,64.00
oct,1024.00,32.00,64.00
oct,1024.00,33.00,64.00
oct,1024.00,29.00,64.00
oct,1024.00,32.00,64.00
oct,1024.00,27.00,64.00
oct,1024.00,30.00,64.00
oct,1024.00,32.00,64.00
oct,1024.00,33.00,64.00
oct,1024.00,30.00,64.00
oct,1024.00,32.00,64.00
oct,1024.00,33.00,64.00
oct,1024.00,31.00,64.00
oct,1024.00,31.00,64.00
oct,1024.00,32.00,64.00
oct,1024.00,31.00,64.00
oct,1024.00,32.00,64.00
oct,1024.00,32.00,64.00
oct,1024.00,32.00,64.00
oct,1024.00,29.00,64.00
oct,1024.00,33.00,64.00
oct,1024.00,33.00,64.00
oct,1024.00,33.00,64.00
oct,1024.00,31.00,64.00
oct,1024.00,27.00,64.00
oct,1024.00,29.00,64.00
oct,1024.00,32.00,64.00
oct,1024.00,31.00,64.00
oct,1024.00,32.00,64.00
oct,1024.00,32.00,64.00
oct,1024.00,31.00,64.00
oct,1024.00,29.00,64.00
oct,1024.00,32.00,64.00
oct,1024.00,31.00,64.00
oct,1024.00,27.00,64.00
oct,1024.00,25.00,65.00
oct,1024.00,29.00,65.00
oct,1024.00,28.00,65.00
oct,1024.00,32.00,65.00
oct,1024.00,26.00,64.00
oct,1024.00,32.00,64.00
oct,1024.00,29.00,64.00
oct,1024.00,32.00,64.00
oct,1024.00,31.00,64.00
oct,1024.00,25.00,64.00
oct,1024.00,30.00,64.00
oct,1024.00,31.00,64.00
oct,1024.00,27.00,64.00
oct,1024.00,31.00,64.00
oct,1024.00,31.00,64.00
oct,1024.00,32.00,64.00
oct,1024.00,32.00,64.00
oct,1024.00,31.00,64.00
oct,1024.00,32.00,64.00
oct,1024.00,32.00,64.00
oct,1024.00,28.00,64.00
oct,1024.00,31.00,64.00
oct,1024.00,32.00,64.00
oct,1024.00,32.00,64.00
oct,1024.00,32.00,64.00
oct,1024.00,31.00,64.00
oct,1024.00,32.00,64.00
oct,1024.00,32.00,64.00
oct,1024.00,32.00,64.00
oct,1024.00,32.00,64.00
oct,1024.00,32.00,64.00
oct,1024.00,31.00,64.00
oct,1024.00,28.00,64.00
oct,1024.00,32.00,64.00
oct,1024.00,32.00,64.00
oct,1024.00,26.00,64.00
oct,1024.00,28.00,64.00
oct,1024.00,31.00,64.00
oct,1024.00,32.00,64.00
oct,1024.00,32.00,64.00
oct,1024.00,31.00,64.00
oct,1024.00,25.00,64.00
oct,1024.00,29.00,64.00
oct,1024.00,28.00,64.00
oct,1024.00,27.00,64.00
oct,1024.00,23.00,64.00
oct,1024.00,31.00,64.00
oct,1024.00,32.00,64.00
oct,1024.00,27.00,64.00
oct,1024.00,31.00,64.00
oct,1024.00,28.00,64.00
oct,1024.00,28.00,64.00
oct,1024.00,26.00,64.00
oct,1024.00,29.00,64.00
oct,1024.00,31.00,64.00
oct,1024.00,32.00,64.00
oct,1024.00,27.00,63.00
oct,1024.00,28.00,63.00
oct,1024.00,32.00,63.00
oct,1024.00,28.00,63.00
oct,1024.00,27.00,63.00
oct,1024.00,27.00,63.00
oct,1024.00,31.00,63.00
oct,1024.00,28.00,63.00
oct,1024.00,29.00,63.00
oct,1024.00,32.00,63.00
oct,1024.00,31.00,63.00
oct,1024.00,32.00,63.00
oct,1024.00,30.00,63.00
oct,1024.00,33.00,63.00
oct,1024.00,28.00,63.00
oct,1024.00,28.00,63.00
oct,1024.00,32.00,63.00
oct,1024.00,32.00,63.00
oct,1024.00,31.00,63.00
oct,1024.00,31.00,63.00
oct,1024.00,33.00,63.00
oct,1024.00,27.00,64.00
oct,1024.00,31.00,64.00
oct,1024.00,30.00,64.00
oct,1024.00,31.00,64.00
oct,1024.00,33.00,64.00
oct,1024.00,32.00,64.00
oct,1024.00,31.00,64.00
oct,1024.00,26.00,64.00
oct,1024.00,32.00,64.00
oct,1024.00,31.00,64.00
oct,1024.00,32.00,62.00
oct,1024.00,31.00,62.00
oct,1024.00,31.00,62.00
oct,1024.00,27.00,62.00
oct,1024.00,31.00,62.00
oct,1024.00,31.00,62.00
oct,1024.00,27.00,62.00
oct,1024.00,26.00,62.00
oct,1024.00,32.00,62.00
oct,1024.00,32.00,62.00
oct,1024.00,32.00,62.00
oct,1024.00,28.00,62.00
oct,1024.00,30.00,62.00
oct,1024.00,31.00,62.00
oct,1024.00,33.00,62.00
oct,1024.00,32.00,62.00
oct,1024.00,27.00,62.00
oct,1024.00,29.00,62.00
oct,1024.00,33.00,62.00
oct,1024.00,31.00,62.00
oct,1024.00,30.00,62.00
oct,1024.00,32.00,62.00
oct,1024.00,25.00,62.00
oct,1024.00,32.00,62.00
oct,1024.00,26.00,62.00
oct,1024.00,31.00,62.00
oct,1024.00,29.00,62.00
oct,1024.00,32.00,62.00
oct,1024.00,32.00,62.00
oct,1024.00,33.00,62.00
oct,1024.00,26.00,62.00
oct,1024.00,32.00,62.00
oct,1024.00,33.00,62.00
oct,1024.00,27.00,62.00
oct,1024.00,27.00,62.00
oct,1024.00,27.00,62.00
oct,1024.00,27.00,62.00
oct,1024.00,29.00,62.00
oct,1024.00,32.00,62.00
oct,1024.00,30.00,62.00
oct,1024.00,30.00,62.00
oct,1024.00,32.00,62.00
oct,1024.00,31.00,62.00
oct,1024.00,32.00,62.00
oct,1024.00,26.00,62.00
oct,1024.00,32.00,62.00
oct,1024.00,31.00,62.00
oct,1024.00,32.00,62.00
oct,1024.00,32.00,62.00
oct,1024.00,32.00,62.00
oct,1024.00,31.00,62.00
oct,1024.00,32.00,62.00
oct,1024.00,31.00,62.00
oct,1024.00,27.00,62.00
oct,1024.00,33.00,62.00
oct,1024.00,32.00,62.00
oct,1024.00,32.00,62.00
oct,1024.00,31.00,62.00
oct,1024.00,31.00,62.00
oct,1024.00,27.00,62.00
oct,1024.00,25.00,62.00
oct,1024.00,32.00,62.00
oct,1024.00,31.00,62.00
oct,1024.00,27.00,62.00
oct,1024.00,33.00,62.00
oct,1024.00,32.00,62.00
oct,1024.00,27.00,62.00
oct,1024.00,31.00,62.00
oct,1024.00,31.00,62.00
oct,1024.00,27.00,62.00
oct,1024.00,31.00,62.00
oct,1024.00,32.00,62.00
oct,1024.00,32.00,62.00
oct,1024.00,31.00,62.00
oct,1024.00,31.00,62.00
oct,1024.00,25.00,62.00
oct,1024.00,32.00,62.00
oct,1024.00,32.00,62.00
oct,1024.00,31.00,62.00
oct,1024.00,26.00,62.00
oct,1024.00,32.00,62.00
oct,1024.00,31.00,62.00
oct,1024.00,30.00,62.00
oct,1024.00,31.00,62.00
oct,1024.00,31.00,62.00
oct,1024.00,31.00,62.00
oct,1024.00,31.00,62.00
oct,1024.00,32.00,62.00
oct,1024.00,31.00,62.00
oct,1024.00,32.00,62.00
oct,1024.00,30.00,61.00
oct,1024.00,31.00,61.00
oct,1024.00,33.00,61.00
oct,1024.00,32.00,61.00
oct,1024.00,32.00,61.00
oct,1024.00,29.00,61.00
oct,1024.00,23.00,61.00
oct,1024.00,30.00,61.00
oct,1024.00,25.00,61.00
oct,1024.00,30.00,61.00
oct,1024.00,31.00,61.00
oct,1024.00,30.00,61.00
oct,1024.00,29.00,61.00
oct,1024.00,31.00,61.00
oct,1024.00,31.00,61.00
oct,1024.00,31.00,61.00
oct,1024.00,31.00,61.00
oct,1024.00,29.00,60.00
oct,1024.00,30.00,60.00
oct,1024.00,27.00,60.00
oct,1024.00,26.00,60.00
oct,1024.00,26.00,60.00
oct,1024.00,29.00,60.00
oct,1024.00,32.00,60.00
oct,1024.00,32.00,60.00
oct,1024.00,31.00,60.00
oct,1024.00,30.00,60.00
oct,1024.00,29.00,61.00
oct,1024.00,25.00,61.00
oct,1024.00,30.00,61.00
oct,1024.00,31.00,61.00
oct,1024.00,31.00,61.00
oct,1024.00,31.00,61.00
oct,1024.00,31.00,61.00
oct,1024.00,30.00,61.00
oct,1024.00,31.00,61.00
oct,1024.00,32.00,61.00
oct,1024.00,28.00,61.00
oct,1024.00,32.00,60.00
oct,1024.00,32.00,60.00
oct,1024.00,29.00,60.00
oct,1024.00,32.00,60.00
oct,1024.00,31.00,60.00
oct,1024.00,30.00,60.00
oct,1024.00,29.00,60.00
oct,1024.00,31.00,60.00
oct,1024.00,31.00,60.00
oct,1024.00,31.00,60.00
oct,1024.00,32.00,60.00
oct,1024.00,32.00,60.00
oct,1024.00,32.00,60.00
oct,1024.00,32.00,60.00
oct,1024.00,32.00,60.00
oct,1024.00,29.00,60.00
oct,1024.00,28.00,60.00
oct,1024.00,26.00,60.00
oct,1024.00,31.00,60.00
oct,1024.00,29.00,60.00
oct,1024.00,31.00,60.00
oct,1024.00,31.00,60.00
oct,1024.00,25.00,60.00
oct,1024.00,31.00,60.00
oct,1024.00,31.00,60.00
oct,1024.00,30.00,60.00
oct,1024.00,31.00,60.00
oct,1024.00,31.00,60.00
oct,1024.00,30.00,60.00
oct,1024.00,27.00,62.00
oct,1024.00,32.00,62.00
oct,1024.00,32.00,62.00
oct,1024.00,27.00,62.00
oct,1024.00,31.00,62.00
oct,1024.00,31.00,62.00
oct,1024.00,32.00,62.00
oct,1024.00,31.00,62.00
oct,1024.00,28.00,61.00
oct,1024.00,31.00,61.00
oct,1024.00,30.00,61.00
oct,1024.00,31.00,61.00
oct,1024.00,30.00,61.00
oct,1024.00,25.00,61.00
oct,1024.00,25.00,59.00
oct,1024.00,27.00,59.00
oct,1024.00,31.00,59.00
oct,1024.00,31.00,59.00
oct,1024.00,27.00,59.00
oct,1024.00,25.00,59.00
oct,1024.00,31.00,58.00
oct,1024.00,30.00,58.00
oct,1024.00,31.00,58.00
oct,1024.00,26.00,58.00
oct,1024.00,26.00,58.00
oct,1024.00,32.00,59.00
oct,1024.00,32.00,59.00
oct,1024.00,31.00,59.00
oct,1024.00,29.00,59.00
oct,1024.00,31.00,58.00
oct,1024.00,25.00,58.00
oct,1024.00,31.00,58.00
oct,1024.00,31.00,58.00
oct,1024.00,31.00,60.00
oct,1024.00,25.00,60.00
oct,1024.00,24.00,60.00
oct,1024.00,31.00,60.00
oct,1024.00,25.00,60.00
oct,1024.00,25.00,60.00
oct,1024.00,29.00,60.00
oct,1024.00,29.00,60.00
oct,1024.00,25.00,60.00
oct,1024.00,30.00,60.00
oct,1024.00,30.00,60.00
oct,1024.00,28.00,60.00
oct,1024.00,30.00,60.00
oct,1024.00,25.00,60.00
oct,1024.00,30.00,60.00
oct,1024.00,29.00,60.00
oct,1024.00,31.00,60.00
oct,1024.00,31.00,59.00
oct,1024.00,29.00,59.00
oct,1024.00,30.00,59.00
oct,1024.00,31.00,59.00
oct,1024.00,29.00,59.00
oct,1024.00,27.00,59.00
oct,1024.00,30.00,59.00
oct,1024.00,26.00,59.00
oct,1024.00,24.00,59.00
oct,1024.00,31.00,59.00
oct,1024.00,26.00,59.00
oct,1024.00,29.00,59.00
oct,766.00,33.00,59.00
oct,312.00,30.00,59.00
oct,134.00,29.00,59.00
oct,112.00,36.00,59.00
oct,241.00,92.00,59.00
oct,112.00,20.00,59.00
oct,77.00,25.00,59.00
oct,36.00,9.00,59.00
oct,57.00,4.00,59.00
oct,34.00,9.00,59.00
oct,46.00,9.00,59.00
oct,31.00,9.00,59.00
oct,58.00,8.00,59.00
oct,152.00,68.00,59.00
oct,272.00,84.00,59.00
oct,713.00,32.00,59.00
oct,453.00,87.00,59.00
oct,226.00,34.00,59.00
oct,213.00,66.00,59.00
oct,456.00,58.00,59.00
oct,437.00,44.00,59.00
oct,197.00,58.00,59.00
oct,438.00,34.00,59.00
oct,415.00,29.00,59.00
oct,328.00,33.00,59.00
oct,405.00,67.00,59.00
oct,464.00,52.00,59.00
oct,184.00,139.00,59.00
oct,386.00,33.00,59.00
oct,199.00,59.00,58.00
oct,438.00,32.00,58.00
oct,469.00,55.00,58.00
oct,446.00,33.00,58.00
oct,303.00,64.00,58.00
oct,189.00,33.00,58.00
oct,189.00,28.00,58.00
oct,373.00,32.00,58.00
oct,672.00,62.00,58.00
oct,689.00,75.00,58.00
oct,432.00,34.00,58.00
oct,663.00,108.00,58.00
oct,205.00,32.00,58.00
oct,655.00,67.00,58.00
oct,384.00,68.00,58.00
oct,598.00,72.00,58.00
oct,231.00,34.00,58.00
oct,248.00,69.00,58.00
oct,447.00,73.00,58.00
oct,692.00,77.00,58.00
oct,226.00,32.00,58.00
oct,655.00,27.00,58.00
oct,676.00,27.00,58.00
oct,265.00,29.00,58.00
oct,254.00,33.00,58.00
oct,284.00,83.00,58.00
oct,356.00,28.00,58.00
oct,691.00,31.00,58.00
oct,458.00,35.00,58.00
oct,678.00,93.00,58.00
oct,261.00,32.00,58.00
oct,386.00,29.00,58.00
oct,735.00,88.00,58.00
oct,709.00,25.00,58.00
oct,324.00,33.00,58.00
oct,343.00,33.00,58.00
oct,745.00,32.00,58.00
oct,281.00,95.00,58.00
oct,1024.00,27.00,58.00
oct,1024.00,30.00,58.00
oct,1024.00,29.00,58.00
oct,1024.00,33.00,58.00
oct,1024.00,25.00,58.00
oct,1024.00,31.00,58.00
oct,1024.00,27.00,58.00
oct,1024.00,29.00,58.00
oct,1024.00,30.00,58.00
oct,1024.00,33.00,58.00
oct,1024.00,27.00,58.00
oct,1024.00,29.00,58.00
oct,1024.00,29.00,57.00
oct,1024.00,24.00,57.00
oct,1024.00,31.00,57.00
oct,1024.00,34.00,57.00
oct,1024.00,25.00,57.00
oct,1024.00,28.00,57.00
oct,1024.00,29.00,57.00
oct,1024.00,27.00,57.00
oct,1024.00,30.00,57.00
oct,1024.00,29.00,57.00
oct,1024.00,30.00,57.00
oct,1024.00,32.00,57.00
oct,1024.00,29.00,57.00
oct,1024.00,32.00,57.00
oct,1024.00,26.00,57.00
oct,1024.00,30.00,57.00
oct,1024.00,28.00,57.00
oct,1024.00,29.00,57.00
oct,1024.00,26.00,57.00
oct,1024.00,29.00,57.00
oct,1024.00,29.00,57.00
oct,1024.00,29.00,57.00
oct,1024.00,30.00,57.00
oct,1024.00,33.00,57.00
oct,1024.00,27.00,57.00
oct,1024.00,26.00,57.00
oct,1024.00,25.00,57.00
oct,1024.00,30.00,57.00
oct,1024.00,29.00,57.00
oct,1024.00,30.00,57.00
oct,1024.00,25.00,57.00
oct,1024.00,29.00,57.00
oct,1024.00,29.00,57.00
oct,1024.00,31.00,57.00
oct,1024.00,25.00,57.00
oct,1024.00,31.00,57.00
oct,1024.00,28.00,57.00
oct,1024.00,24.00,57.00
oct,808.00,27.00,57.00
oct,1024.00,30.00,57.00
oct,1024.00,29.00,57.00
oct,1024.00,25.00,57.00
oct,1024.00,26.00,57.00
oct,1024.00,29.00,57.00
oct,1024.00,30.00,57.00
oct,1024.00,26.00,57.00
oct,1024.00,29.00,57.00
oct,1024.00,28.00,57.00
oct,1024.00,30.00,57.00
oct,761.00,32.00,57.00
oct,484.00,29.00,57.00
oct,1024.00,29.00,57.00
oct,754.00,29.00,57.00
oct,1024.00,29.00,57.00
oct,396.00,29.00,56.00
oct,771.00,27.00,56.00
oct,722.00,120.00,56.00
oct,369.00,125.00,56.00
oct,703.00,27.00,56.00
oct,1024.00,29.00,56.00
oct,339.00,29.00,56.00
oct,340.00,105.00,56.00
oct,1024.00,33.00,56.00
oct,1024.00,28.00,56.00
oct,439.00,30.00,56.00
oct,487.00,35.00,56.00
oct,291.00,32.00,56.00
oct,303.00,99.00,56.00
oct,1024.00,114.00,56.00
oct,1024.00,24.00,56.00
oct,1024.00,28.00,56.00
oct,1024.00,29.00,56.00
oct,1024.00,29.00,56.00
oct,744.00,25.00,56.00
oct,742.00,29.00,56.00
oct,757.00,24.00,56.00
oct,758.00,29.00,56.00
oct,788.00,33.00,56.00
oct,1024.00,27.00,56.00
oct,700.00,24.00,56.00
oct,1024.00,116.00,56.00
oct,1024.00,26.00,56.00
oct,367.00,30.00,56.00
oct,392.00,32.00,56.00
oct,363.00,24.00,56.00
oct,670.00,29.00,56.00
oct,1024.00,27.00,56.00
oct,385.00,27.00,56.00
oct,1024.00,23.00,56.00
oct,759.00,29.00,57.00
oct,470.00,30.00,57.00
oct,1024.00,29.00,57.00
oct,466.00,27.00,57.00
oct,1024.00,23.00,57.00
oct,1024.00,29.00,57.00
oct,722.00,28.00,57.00
oct,458.00,25.00,57.00
oct,1024.00,25.00,57.00
oct,471.00,25.00,57.00
oct,1024.00,28.00,57.00
oct,1024.00,26.00,57.00
oct,1024.00,24.00,57.00
oct,1024.00,25.00,57.00
oct,448.00,28.00,56.00
oct,1024.00,29.00,56.00
oct,484.00,28.00,56.00
oct,1024.00,26.00,56.00
oct,440.00,23.00,56.00
oct,673.00,29.00,56.00
oct,1024.00,23.00,56.00
oct,1024.00,27.00,56.00
oct,474.00,30.00,56.00
oct,1024.00,27.00,56.00
oct,1024.00,30.00,56.00
oct,661.00,31.00,56.00
oct,1024.00,29.00,56.00
oct,1024.00,24.00,56.00
oct,763.00,25.00,56.00
oct,1024.00,29.00,56.00
oct,468.00,31.00,56.00
oct,484.00,30.00,56.00
oct,1024.00,29.00,56.00
oct,770.00,30.00,56.00
oct,1024.00,25.00,56.00
oct,776.00,30.00,56.00
oct,1024.00,29.00,56.00
oct,1024.00,24.00,56.00
oct,1024.00,29.00,56.00
oct,685.00,29.00,56.00
oct,1024.00,29.00,56.00
oct,1024.00,29.00,56.00
oct,1024.00,29.00,56.00
oct,1024.00,25.00,56.00
oct,1024.00,30.00,56.00
oct,753.00,25.00,56.00
oct,1024.00,23.00,56.00
oct,488.00,29.00,56.00
oct,676.00,24.00,56.00
oct,1024.00,25.00,56.00
oct,472.00,25.00,56.00
oct,480.00,22.00,56.00
oct,1024.00,29.00,56.00
oct,1024.00,28.00,56.00
oct,469.00,26.00,56.00
oct,1024.00,27.00,56.00
oct,469.00,30.00,56.00
oct,1024.00,24.00,56.00
oct,1024.00,29.00,56.00
oct,747.00,31.00,56.00
oct,766.00,28.00,56.00
oct,1024.00,29.00,56.00
oct,478.00,24.00,56.00
oct,1024.00,28.00,56.00
oct,476.00,29.00,56.00
oct,1024.00,28.00,56.00
oct,483.00,31.00,56.00
oct,1024.00,28.00,56.00
oct,1024.00,28.00,56.00
oct,486.00,29.00,56.00
oct,1024.00,29.00,56.00
oct,1024.00,24.00,56.00
oct,1024.00,29.00,56.00
oct,488.00,29.00,56.00
oct,487.00,29.00,56.00
oct,488.00,28.00,56.00
oct,757.00,24.00,56.00
oct,1024.00,28.00,56.00
oct,664.00,29.00,56.00
oct,1024.00,30.00,56.00
oct,776.00,28.00,56.00
oct,481.00,25.00,56.00
oct,1024.00,25.00,56.00
oct,1024.00,31.00,56.00
oct,1024.00,31.00,56.00
oct,1024.00,28.00,56.00
oct,694.00,25.00,56.00
oct,685.00,29.00,56.00
oct,801.00,25.00,56.00
oct,1024.00,30.00,56.00
oct,1024.00,29.00,56.00
oct,701.00,29.00,56.00
oct,710.00,28.00,56.00
oct,702.00,24.00,56.00
oct,694.00,29.00,56.00
oct,749.00,29.00,56.00
oct,1024.00,26.00,56.00
oct,1024.00,27.00,56.00
oct,1024.00,25.00,56.00
oct,732.00,29.00,56.00
oct,1024.00,30.00,56.00
oct,1024.00,29.00,56.00
oct,689.00,29.00,56.00
oct,722.00,26.00,56.00
oct,714.00,24.00,56.00
oct,711.00,24.00,56.00
oct,1024.00,25.00,56.00
oct,1024.00,29.00,56.00
oct,1024.00,25.00,56.00
oct,1024.00,29.00,56.00
oct,709.00,24.00,56.00
oct,1024.00,25.00,56.00
oct,745.00,29.00,56.00
oct,1024.00,30.00,56.00
oct,762.00,28.00,56.00
oct,1024.00,26.00,56.00
oct,1024.00,29.00,56.00
oct,1024.00,32.00,56.00
oct,1024.00,31.00,56.00
oct,1024.00,29.00,56.00
oct,1024.00,29.00,56.00
oct,1024.00,32.00,56.00
oct,1024.00,28.00,56.00
oct,1024.00,30.00,56.00
oct,1024.00,33.00,56.00
oct,1024.00,28.00,56.00
oct,1024.00,27.00,56.00
oct,1024.00,26.00,56.00
oct,1024.00,31.00,56.00
oct,1024.00,29.00,56.00
oct,1024.00,28.00,56.00
